<?xml version="1.0" encoding="UTF-8" standalone="no"?>
<series>

<serie>
<titulo> Los Simpsons </titulo>
<numeroTemporadas> 36 </numeroTemporadas>
<estrenoPrimeraTemporada> 1987 </estrenoPrimeraTemporada>
</serie>

<serie>
<titulo> Los Soprano </titulo>
<numeroTemporadas> 6 </numeroTemporadas>
<estrenoPrimeraTemporada> 1999 </estrenoPrimeraTemporada>
</serie>

<serie>
<titulo> Helluva Boss </titulo>
<numeroTemporadas> 2 </numeroTemporadas>
<estrenoPrimeraTemporada> 2020 </estrenoPrimeraTemporada>
</serie>

<serie>
<titulo> Monkie Kid </titulo>
<numeroTemporadas> 5 </numeroTemporadas>
<estrenoPrimeraTemporada> 2021 </estrenoPrimeraTemporada>
</serie>

<serie>
<titulo> SlugTerra </titulo>
<numeroTemporadas> 6 </numeroTemporadas>
<estrenoPrimeraTemporada> 2012 </estrenoPrimeraTemporada>
</serie>

</series>