<?xml version="1.0" encoding="UTF-8" standalone="no"?>
<gruposMusicales>
<grupo genero="Rock" añoFundacion="1970" lider="Gene Simmons"> Kiss </grupo>
<grupo genero="Rock" añoFundacion="1995" lider="Amy Lee"> Evanescense </grupo>
<grupo genero="Pop" añoFundacion="1998" lider="Gianfranco Randone"> Eiffel 65 </grupo>
<grupo genero="Tecno" añoFundacion="2005" lider="Joel Thomas Zimmerman"> Deadmau5 </grupo>
<grupo genero="Country" añoFundacion="2019" lider="Montero Lamar Hill"> Lil Nass X </grupo>
</gruposMusicales>