<?xml version="1.0" encoding="UTF-8" standalone="no"?>
<recetaCocina>
<receta nivelDificultad="fácil"> Galletas de chocolate </receta>
<receta nivelDificultad="fácil"> Batido de plátano y fresones </receta>
<receta nivelDificultad="fácil"> Tostas de jamón y huevos de codorniz </receta>
<receta nivelDificultad="medio"> Espaquetis con salsa boloñesa </receta>
<receta nivelDificultad="medio"> Arroz tres delicias </receta>
<receta nivelDificultad="avanzado"> Paella de marisco para 10 </receta>
</recetaCocina>